Numero Frag|Fragmento en griego|Traducción|Translation|Nota
B1|τοῦ δὲ λόγου τοῦδ ἐόντος ἀεὶ ἀξύνετοι γίνονται ἄνθρωποι καὶ πρόσθεν ἢ ἀκοῦσαι καὶ ἀκούσαντες τὸ πρῶτον· γινομένων γὰρ πάντων κατὰ τὸν λόγον τόνδε ἀπείροισιν ἐοίκασι πειρώμενοι καὶ ἐπέων καὶ ἔργων τοιούτων ὁκοίων ἐγὼ διηγεῦμαι κατὰ φύσιν διαιρέων ἕκαστον καὶ φράζων ὅκως ἔχει· τοὺς δὲ ἄλλους ἀνθρώπους λανθάνει ὁκόσα ἐγερθέντες ποιοῦσιν ὅκωσπερ ὁκόσα εὕδοντες ἐπιλανθάνονται|Aunque este Logos existe eternamente, los hombres son incapaces de comprenderlo tanto antes de oírlo como una vez que lo han oído. Pues aunque todo sucede conforme a este Logos, parecen inexpertos al probar palabras y hechos como los que yo expongo al distinguir cada cosa según su naturaleza y mostrar cómo es. Pero los demás hombres ignoran lo que hacen despiertos, como olvidan lo que hacen dormidos.|Though this Word is true evermore, yet men are as unable to understand it when they hear it for the first time as before they have heard it at all. For, though all things come to pass in accordance with this Word, men seem as if they had no experience of them, when they make trial of words and deeds such as I set forth, dividing each thing according to its kind and showing how it is what it is. But other men know not what they are doing when awake, even as they forget what they do in sleep.|"Two different sources say that this comes from the beginning of Heraclitus' book. For that reason, DK rightly put it as B1. Most of the other fragments are short oral sayings, easy to remember. However, this fragment has a very literary style. This fragment and B48 lead me to conclude that Heraclitus' book was a written and not an oral document. Aristotle points to the ambiguity in the first line. He says that ἀεὶ (forever) ambiguously could modify either ἐόντος (is) orἀξύνετοι (not comprehending) --Rhetoric 3.1407b11. Some think this was intentional, while others think that it is just unclear. Some translations try to capture the ambiguity: ""Of this account which holds forever men prove uncomprehending"" (Barnes), where ""forever"" could modify either how the λόγος (account) holds or how long men prove uncomprehending of it."
B2|τοῦ λόγου δ' ἐόντος ξυνοῦ ζώουσιν οἱ πολλοὶ ὡς ἰδίαν ἔχοντες φρόνησιν|Aunque el Logos es común, la mayoría vive como si tuviera una inteligencia privada.|Thoughthe logosis common, the many live as if they had a wisdom of their own.|Burnet translates λόγος as 'Word,' but I have chosen to leave it as logos in this fragment.
B3|[περὶ μεγέθους ἡλίου] εὖρος ποδὸς ἀνθρωπείου|[Sobre el tamaño del sol:] el ancho de un pie humano.|[Concerning the size of the sun: it is] the width of a human foot|"Diogenes Laertius (IX, 7) says that Heraclitus said, ""The sun is the size that it appears."" (Robinson 78)"
B4|Si felicitas esset in delectationibus corporis, boves felices diceremus, cum inveniant orobum ad comedendum.|Si la felicidad consistiera en los placeres del cuerpo, llamaríamos felices a los bueyes cuando encuentran arveja amarga para comer.|If happiness consisted in the pleasures of the body, we should call oxen happy whenever they come across bitter vetch to eat.|This fragment has been preserved in Latin. It does not bear any relation to any of the other fragments we do possess. It sounds more like a Platonic or Aristotelian contrast between the pleasures of the body and the pleasures of the rational soul. For these reasons, most scholars treat this fragment with caution.
B5|καθαίρονται δ' ἄλλως αἵματι μιαινόμενοι, ὁκοῖον εἴ τις εἰς πηλὸν ἐμβὰς πηλῷ ἀπονίζοιτο· μαίνεσθαι δ' ἂν δοκέοι εἴ τις μιν ἀνθρώπων ἐπιθράσαιτο οὕτω ποιέοντα. καὶ τοῖς ἀγάλμασι δὲ τουτέοισιν εὔχονται, ὁκοῖον εἴ τις τοῖς δόμοισι λεσχηνεύοιτο, οὔ τι γινώσκων θεοὺς οὐδ' ἥρωας οἵτινές εἰσι|Se purifican manchándose con sangre, como si alguien que se hubiera hundido en el lodo intentara lavarse con lodo. Parecería loco a cualquiera que lo viera actuar así. Y rezan ante estas imágenes, como si alguien conversara con las paredes de una casa, sin conocer en absoluto quiénes son los dioses y los héroes.||
B6|ὁ ἥλιος... καθάπερ ὁ Ἡράκλειτός φησι, νέος ἐφ' ἡμέρῃ ἐστίν|El sol... como dice Heráclito, es nuevo cada día.|The sun... as Heraclitus says, is new every day.|"This fragments comes from Aristotle. Here is his full text: ""The sun is not only, as Heraclitus says, new each day but forever continuously new"" (Meteorology 2.2.355a13)."
B7|εἰ πάντα τὰ ὄντα καπνὸς γένοιτο, ῥῖνες ἂν διαγνοῖεν.|Si todas las cosas existentes se convirtieran en humo, las narices las distinguirían.|If all things were turned to smoke, the nostrils would distinguish them.|This fragment is quoted in Aristotle. Some commentators believe that Aristotle added the phraseτὰ ὄντα (existing things) as a gloss over Heraclitus's use of πάντα (all things). Robinson argues that if Heraclitus had spoken about 'reality' asτὰ ὄντα, he would have used ἐόντα (Ionic form ofὄντα) as he uses elsewhere. I find this argument convincing. It still could be that Aristotle is loosely paraphrasing a thought of Heraclitus.
B8|τὸ ἀντίξουν συμφέρον καὶ ἐκ τῶν διαφερόντων καλλίστην ἁρμονίαν καὶ πάντα κατ' ἔριν γίνεσθαι|Lo opuesto concuerda, y de las diferencias surge la más bella armonía, y todo ocurre según discordia.|What opposes unites, and the finest attunement stems from things bearing in opposite directions, and all things come about by strife.|This fragment is divided into three phrases. Most editors agree that Aristotle is quoting or paraphrasing from memory. The last phrase, καὶ πάντα κατ' ἔριν γίνεσθαι (all things come about by strife), is most likely a paraphrase of B80.The middle phrase,ἐκ τῶν διαφερόντων καλλίστην ἁρμονίαν (the finest attunement stems from things bearing in opposite directions), Marcovich argues, is most likely a paraphrase of B51.The first phrase is not attested for elsewhere. Robinson noticed the Ionic word ἀντίξουν (opposes) and argued from this that the first phrase contains Heraclitus's actual words.
B9|ἑτέρα γὰρ ἵππου ἡδονὴ καὶ κυνὸς καὶ ἀνθρώπου, ὄνους σύρματ' ἂν ἑλέσθαι μᾶλλον ἢ χρυσόν· ἥδιον γὰρ χρυσοῦ τροφὴ ὄνοις|El placer es distinto para un caballo, un perro y un hombre; los asnos preferirían paja al oro; pues para los asnos el alimento es más dulce que el oro.|For a horse, a dog and a human being have different pleasures;asses prefer straw to gold, since asses find food sweeter than gold.|Most editors recognize the phrase ὄνους σύρματ' ἂν ἑλέσθαι μᾶλλον ἢ χρυσόν (asses prefer straw to gold) as Heraclitus', and the rest as comments by Aristotle. The translation of Aristotle's comments comes from Terrance Irwin's translation of Aristotle's Nicomachean Ethics.
B10|συλλάψιες· ὅλα καὶ οὐχ ὅλα, συμφερόμενον διαφερόμενον, συνᾷδον διᾷδον καὶ ἐκ πάντων ἓν καὶ ἐξ ἑνὸς πάντα|Conjunciones: cosas enteras y no enteras, convergente divergente, consonante disonante, y de todas las cosas una y de una todas las cosas.|Graspings: things whole and not whole, what is drawn together and what is drawn asunder, the harmonious and the discordant. The one is made up of all things, and all things issue from the one.|Many editors translate συλλάψιεςas 'couples', 'connections', 'assemblages', &c. Kahn argues that the only sense of the word attested before Aristotle is 'things seized by force, grasped, or apprehended.'
B11|πᾶν γὰρ ἑρπετὸν πληγῇ νέμεται|Toda bestia es llevada al pasto a golpes.|Every beast is driven to pasture with a blow.|This fragment may be just a paraphrase. Some have suggested that Heraclitus may have used the noun nomo/s (pasture) instead of the verb given here ne/metai (to be driven to pasture). If so, then this fragment would be a play on words between no/mos (law) and nomo/s (pasture): either natural law that drives all things (or all things are naturally driven to law), just as animals are driven to a pasture.
B12|ποταμοῖσι τοῖσιν αὐτοῖσιν ἐμβαίνουσιν ἕτερα καὶ ἕτερα ὕδατα ἐπιρρεῖ|Sobre quienes entran en los mismos ríos, fluyen aguas siempre diferentes.|On those who enter the same rivers, ever different waters flow.|"Three versions of this fragment exist: B12|49a (see below)|B91 Because of this fact, there is much debate on which version is authentic (if any) and what it means. B49a: ""We step and do not step in to the same rivers; we are and are not."" B12 is a fragment about the unity/diversity inherit in reality. Reality is changing and in flux (like the the different waters), yet it is all stable and unified (like a river). B49a assigns change and stability to the one stepping into the river as well as the river. B91 focuses just on the diversity and not on the unity. I think that B49a above is authentic (at least the first half). B12 also seems authentic, giving the reason for B49a: ""different and different waters flow"" upon those who step into a river."
B13|ὕες βορβόρῳ ἥδονται μᾶλλον ἢ καθαρῷ ὕδατι|Los cerdos se deleitan en el cieno más que en agua limpia.|Pigs delight in the mire more than in clean water.|"Burnet takes only ""to delight in the mire"" as authentic."
B14|τὰ γὰρ νομιζόμενα κατ' ἀνθρώπους μυστήρια ἀνιερωστὶ μυενται|Los misterios que los hombres practican son misterios profanos.|The mysteries practiced among men are unholy mysteries|
B15|εἰ μὴ γὰρ Διονύσῳ πομπὴν ἐποιοῦντο καὶ ὕμνεον ᾆσμα αἰδοίοισιν, ἀναιδέστατα εἴργαστ' ἄν· ὡυτὸς δὲ Ἀίδης καὶ Διόνυσος, ὅτεῳ μαίνονται καὶ ληναΐζουσιν|Pues si no hicieran procesión a Dioniso y cantaran el himno vergonzoso a los genitales, cometerían los actos más desvergonzados. Pero Hades es lo mismo que Dioniso, en cuyo honor enloquecen y deliran.|For if it were not to Dionysus that they made a procession and sang the shameful phallic hymn, they would be acting most shamelessly. But Hades is the same as Dionysus in whose honor they go mad and rave.|
B16|τὸ μὴ δῦνόν ποτε πῶς ἄν τις λάθοι;|¿Cómo podría alguien esconderse de lo que nunca se pone?|How can one hide from that which never sets?|
B17|οὐ γὰρ φρονέουσι τοιαῦτα πολλοί, ὁκοίσοι ἐγκυρεῦσιν, οὐδὲ μαθόντες γινώσκουσιν, ἑωυτοῖσι δὲ δοκέουσι|La mayoría no entiende tales cosas cuando las encuentran, ni las reconocen aunque se las enseñen, aunque creen que sí.|The many do not take heed of such things as those they meet with, nor do they recognize them when they are taught, though they think they do|I consistenly translate words with γιγν -in them as 'to recognize.' (See 'Cognition' under categories.)
B18|ἐὰν μὴ ἔλπηται ἀνέλπιστον οὐκ ἐξευρήσει, ἀνεξερεύνητον ἐὸν καὶ ἄπορον|Si no esperas lo inesperado, no lo hallarás, pues es difícil de descubrir e inaccesible.|If you do not expect the unexpected, you will not find it; for it is hard to be sought out and difficult.|
B19|ἀκοῦσαι οὐκ ἐπιστάμενοι οὐδ' εἰπεῖν|No sabiendo escuchar, tampoco [saben] hablar.|Knowing not how to listen, they do not [know]how to speak|"Burnet translates this fragment as this: ""Knowing not how to listen nor how to speak."" I think Heraclitus was saying that that not knowing how to speak is a result of not knowing how to listen."
B20|γενόμενοι ζώειν ἐθέλουσι μόρους τ' ἔχειν, μᾶλλον δὲ ἀναπαύεσθαι, καὶ παῖδας καταλείπουσι μόρους γενέσθαι|Al nacer, desean vivir y tener destinos, o más bien descansar, y dejan hijos para que también tengan sus destinos.|When they are born, they wish to live and to meet with their dooms -- or rather to rest -- and they leave children behind them to meet with their dooms in turn.|"It is difficult to determine exactly which parts of the fragment are authentic quotations of Heraclitus. Clement, the source for this fragment, adds ""-- or rather to rest --"" but I take the rest as a quotation."
B21|θάνατός ἐστιν ὁκόσα ἐγερθέντες ὁρέομεν, ὁκόσα δὲ εὕδοντες ὕπνος|La muerte es lo que vemos despiertos, lo que vemos dormidos es sueño.|All the things we see when awake are death, even as all we see in slumber are sleep.|
B22|χρυσὸν γὰρ οἱ διζήμενοι γῆν πολλὴν ὀρύσσουσι καὶ εὑρίσκουσιν ὀλίγον|Los que buscan oro excavan mucha tierra y encuentran poco.|Those who seek for gold dig up much earth and find a little.|A different form of διζήμενοι (seeking) is also used in B101.
B23|Δίκης ὄνομα οὐκ ἂν ᾔδεσαν, εἰ ταῦτα μὴ ἦν|No conocerían el nombre de Justicia si estas cosas no existieran.|They would not have known the name of justice if these things were not.|An emendation has been made to ᾔδεσαν (would know) from the manuscript ἔδησαν (would have bound). It is unclear what ταῦτα (these things) refers to and who/what is the subject of ᾔδεσαν (would know).
B24|ἀρηϊφάτους θεοὶ τιμῶσι καὶ ἄνθρωποι|Dioses y hombres honran a los muertos en batalla.|Gods and men honor those who are slain by Ares.|The term ἀρηϊφάτους is a compound word meaning those-slain-by-Ares. Burnet gives a gloss of 'slain in battle,' and this is no doubt Heraclitus' intention.
B25|μόροι γὰρ μέζονες μέζονας μοίρας λαγχάνουσι|Muertes mayores obtienen mayores porciones.|Greater deaths win greater portions.|Heraclitus uses μόροι (death) and μοίρας (portions) exploiting their common etymology. I am inclined to believe that Heraclitus thinks language teaches this truth and language alone gives sufficient evidence for the claim.
B26|ἄνθρωπος ἐν εὐφρόνῃ φάος ἅπτεται ἑαυτῷ [ἀποθανὼν] ἀποσβεσθεὶς ὄψεις, ζῶν δὲ ἅπτεται τεθνεῶτος εὔδων, [ἀποσβεσθεὶς ὄψεις], ἐγρηγορὼς ἅπτεται εὕδοντος|El hombre enciende una luz para sí mismo en la noche, cuando ha muerto pero está vivo. El durmiente, cuya visión se ha apagado, se ilumina desde el muerto; el despierto se ilumina desde el dormido.|Man kindles a light for himself in the night-time, when he has died but is alive. The sleeper, whose vision has been put out, lights up from the dead; he that is awake lights up from the sleeping.|Most editors believe that Clement (the source for this fragment) added the words in brackets to Heraclitus' own, thus giving his own interpretation. These words are not included in Burnet's translation.
B27|ἀνθρώπους μένει ἀποθανόντας ἄσσα οὐκ ἔλπονται οὐδὲ δοκέουσιν|Les aguarda a los hombres al morir cosas que ni esperan ni imaginan.|There awaits men when they die such things as they look not for nor dream of.|
B28|δοκέοντα γὰρ ὁ δοκιμώτατος γινώσκει, φυλάσσει· [καὶ μέντοι καὶ] Δίκη καταλήψεται ψευδῶν τέκτονας καὶ μάρτυρας|El más estimado entre ellos conoce —se aferra a— apariencias. La Justicia atrapará a los artífices de mentiras y a los falsos testigos.|The most esteemed of them knows-- holds fast to --fancies.Justice shall overtake the artificers of lies and the false witnesses.|This fragment really seems to be two fragments that Clement has linked together. With Robinson, I do not think that these two fragments should be put together. The phrase in brackets seems to have been added by Clement to connect these two fragments; it has been left out of the translation.
B29|αἱρεῦνται γὰρ ἒν ἀντὶ ἀπάντων οἱ ἄριστοι, κλέος ἀέναον θνητῶν· οἱ δὲ πολλοὶ κεκόρηνται ὄκωσπερ κτήνεα|Pues los mejores eligen una cosa sobre todas: gloria inmortal entre mortales, mientras la mayoría se sacia como el ganado.|For even the best of them choose one thing above all others, immortal glory among mortals, while most of them are glutted like beasts.|
B30|κόσμον τόνδε, τὸν αὐτὸν ἁπάντων, οὔτε τις θεῶν οὐτε ἀνθρώπων ἐποίησεν, ἀλλ' ἦν ἀεὶ καὶ ἔστιν καὶ ἔσται πῦρ ἀείζωον, ἁπτόμενον μέτρα καὶ ἀποσβεννύμενον μέτρα|Este mundo, el mismo para todos, no lo hizo ningún dios ni hombre, sino que siempre fue, es y será fuego siempre vivo, que se enciende con medida y se apaga con medida.|This world, which is the same for all, no one of gods or men has made. But it always was, is, and will be: an ever-living Fire, with measures of it kindling, and measures going out.|"Clement quotes B30 and B31 in the same context. His complete text reads: ""Now that [Heraclitus] recognized that the world which is uniquely characterized by the totality of substance is eternal, is evident when he says:The world, the same for all, neither any god nor any man made; but it was always and is and will be, fire ever-living, kindling in measures and being extinguished in measures. [B30] And that he believed it to be generated and destructible is indicated by the following words: Turnings of fire: first, sea; of sea, half is earth, half lightning flash. [B31a] -- He says in effect that, by reason and good which rule everything, fire is turned by way of air into moisture, the seed, as it were, of creation, which he calls sea; and from this, again, come earth and heaven and what they contain. He shows clearly in the following words that they are restored again and become fire: Sea is dissolved and measured into the same proportion that existed at first. [B31b] And the same holds for the other elements"" (Barnes 122)."
B31|θάλασσα διαχέεται καὶ μετρέεται εἰς τὸν αὐτὸν λόγον ὁκοῖος πρόσθεν ἦν ἢ γενέσθαι γῆ|El mar se derrama y se mide según la misma proporción que existía antes.|The transformations of Fire: first, sea; and of the sea half is earth, half whirlwind...|See text notes on B30.
B32|ἕν τὸ σοφὸν μοῦνον λέγεσθαι οὐκ ἐθέλει καὶ ἐθέλει Ζηνὸς ὄνομα|Lo único sabio no quiere y quiere ser llamado con el nombre de Zeus.|The wise is one only. It is unwilling and willing to be called by the name of Zeus.|Heraclitus uses the obscure word Ζηνὸς here for Zeus. It is related to the word ζάω (to live). Whether or not Heraclitus intended this as a pun is a matter of conjecture.
B33|νόμος καὶ βουλῇ πείθεσθαι ἑνός|Es ley también obedecer el consejo de uno.|And it is law, too, to obey the counsel of one.|
B34|ἀξύνετοι ἀκούσαντες κωφοῖσιν ἐοίκασι· φάτις αὐτοῖσιν μαρτυρεῖ παρεόντας ἀπεῖναι|Los que oyen sin comprender se asemejan a sordos; el dicho atestigua que estando presentes, están ausentes.|Hearing they do not understand,|I have adjusted the translation to sharply show the distinction between hearing and understanding. Also, I have cited the saying as a quotation.
B35|χρὴ εὖ μάλα πολλῶν ἵστορας φιλοσόφους ἄνδρας εἶναι|Los hombres que aman la sabiduría deben ser investigadores de muchas cosas.|Men that love wisdom must be inquirers into very many things indeed.|"I consider Heraclitus' use ofἵστορας (inquirers [into]) to be a technical term, referring to the scientific methods of his predecessors. Burnet translates the word as ""acquainted [with]."" See Inquiry under categories."
B36|ψυχῇσιν θάνατος ὕδωρ γενέσθαι, ὕδατι δὲ θάνατος γῆν γενέσθαι, ἐκ γῆς δὲ ὕδωρ γίνεται, ἐξ ὕδατος δὲ ψυχή|Para las almas es muerte convertirse en agua, y para el agua muerte convertirse en tierra. Pero del agua viene la tierra, y del agua, el alma.|For it is death to souls to become water, and death to water to become earth. But water comes from earth; and from water, soul.|
B37|Sues caeno cohortales aves pulvere vel cinere lavari|Los cerdos se lavan en el barro, y las aves de corral en polvo.|Swine wash in the mire, and barnyard fowls in dust.|This fragment has been preserved for us in Latin. Most scholars treat it as a paraphrase and not a (translation of a) direct quote. The thought definitely seems Heraclitean, and I see no reason to reject it.
B38|δοκεῖ [Θαλῆς] δὲ κατά τινας πρῶτος ἀστρολογῆσαι... μαρτυρεῖ δ' αὐτῷ καὶ Ἡράκλειτος καὶ Δημόκριτος|[Tales] parece haber sido el primer astrónomo... hecho que atestiguan Heráclito y Demócrito.|[Thales], according to some, seems to have been the first student of astronomy... a fact that both Heraclitus and Democritus bear witness to.|This fragment comes from Diogenes Laertius, in his section on Thales. This fragment has the only mention of Thales in Heraclitus' work (cf. B105 regarding Homer). See the Perseus Encyclopedia entry for this figure: Thales
B39|ἐν Πριήνῃ Βίας ἐγένετο ὁ Τευτάμεω, οὗ πλείων λόγος ἢ τῶν ἄλλων|En Priene vivió Bias, hijo de Teutamas, quien vale más que los demás.|In Priene lived Bias, son of Teutamas, who is of more account than the rest.|See Bias of Priene' sentry in the Perseus Encyclopedia (he's Bias 1).
B40|πολυμαθίη νόον οὐ διδάσκει· Ἡσίοδον γὰρ ἂν ἐδίδαξε καὶ Πυθαγόρην, αὖτίς τε Ξενοφάνεά τε καὶ Ἑκαταῖον|La erudición de muchas cosas no enseña entendimiento; de lo contrario, habría enseñado a Hesíodo, Pitágoras, y también a Jenófanes y Hecateo.|The learning of many things does not teach understanding; otherwise, it would have taught Hesiod and Pythagoras, and again Xenophanes and Hecataeus.|See the Perseus Encyclopedia entries for these figures: Hesiod Pythagoras (he's Pythagoras 5) Hecataeus
B41|ἓν τὸ σοφόν, ἐπίστασθαι γνώμην, ὁτέη ἐκυβέρνησε πάντα διὰ πάντων|Una cosa es lo sabio: conocer la inteligencia que gobierna todas las cosas a través de todas.|Wisdom is one thing. It is to know the thought by which all things are steered through all things.|The text for the this fragment has been corrupted. The manuscripts have ὅτεη κυβερνῆσαι. I have provided the emendation made by DK: ὅτεη ἐκυβέρνησε. Robinson accepts this emendation as well, although noting a hesitation based on the feminine form of ὅστις (ὅτεη), which occurs nowhere in Greek literature. Kahn finds the ὅτεη impossible, and emends the whole phrase to this: ὅκη κυβερνᾶται.
B42|τόν τε Ὅμηρον ἔφασκεν ἄξιον ἐκ τῶν ἀγώνων ἐκβάλλεσθαι καὶ ῥαπίζεσθαι, καὶ Ἀρχίλοχον ὁμοίως|Homero merece ser expulsado de los certámenes y apaleado, y también Arquíloco.|Homer deserves to be taken out of the games and beaten with a stick, and Archilochus too.|See the entries the Perseus Encyclopedia entries for these figures: Archilochus Homer
B43|ὕβριν χρὴ σβεννύναι μᾶλλον ἢ πυρκαῖήν|La insolencia debe apagarse más que un incendio.|Wantonness needs putting out, even more than a house on fire.|
B44|μάχεσθαι χρὴ τὸν δῆμον ὑπὲρ τοῦ νόμου ὅκωσπερ τείχεος|El pueblo debe luchar por su ley como por sus murallas.|The people must fight for its law as for its walls.|
B45|ψυχῆς πείρατα ἰὼν οὐκ ἂν ἐξεύροιο πᾶσαν ἐπιπορευόμενος ὁδόν· οὕτω βαθὺν λόγον ἔχει|Límites del alma no hallarías aunque recorrieras todo camino: tan profunda medida tiene.|Traveling on every path|λόγος is the word used for measure. Presumably, it is not being used in Heraclitus' technical sense. (See λόγος under categories.)
B46|τήν τε οἴησιν ἱερὰν νόσον ἔλεγε καὶ τὴν ὅρασιν ψεύδεσθαι|Decía que la presunción es enfermedad sagrada y que la vista engaña.|Heraclitus said that thinking is a sacred disease and that sight is deceptive.|If this fragment is genuine at all, it is a paraphrase made by Diogenes Laertius and not a direct quote. It does seem to fit something that Heraclitus may have said. Marcovich points out that the word οἴησιν does not occur anywhere in Greek literature until the fourth century B.C.E., and thus it is highly unlikely that Heraclitus used this word.
B47|μὴ εἰκῆ περὶ τῶν μεγίστων συμβαλλώμεθα|No conjeturemos a la ligera sobre las cosas más importantes.|Let us not conjecture randomly about the most important things.|
B48|βιός τῷ τόξῳ ὄνομα βίος ἔργον δὲ θάνατος|Arco: el nombre del arco es vida, pero su obra es muerte.|Bow: the bow's name is life, though its work is death.|These words for bow (βιός) and life (βίος) were pronounced differently because of accentuation. However, when written down, they looked identical (ΒΙΟΣ / ΒΙΟΣ). Heraclitus plays on this written ambiguity in this fragment. This fragment shows that Heraclitus did not compose his book as a set of spoken statements; his book is clearly a written one. This fragment only has its force if it were written down.
B49|εἷς ἐμοὶ μύριοι, ἐὰν ἄριστος ᾖ|Uno solo vale diez mil para mí, si es el mejor.|One is ten thousand to me, if he be the best.|Many recent scholars reject ἐμοὶ (to me).
B50|οὐκ ἐμοῦ, ἀλλὰ τοῦ λόγου ἀκούσαντας ὁμολογεῖν σοφόν ἐστιν ἓν πάντα εἶναι|Habiendo escuchado, no a mí, sino al Logos, es sabio convenir en que todas las cosas son una.||
B51|οὐ ξυνιᾶσιν ὅκως διαφερόμενον ἑωυτῷ ὁμολογέει· παλίντροπος ἁρμονίη ὅκωσπερ τόξου καὶ λύρης|No comprenden cómo lo que difiere está de acuerdo consigo mismo: armonía en tensión opuesta, como en el arco y la lira.||
B52|αἰὼν παῖς ἐστι παίζων, πεττεύων· παιδὸς ἡ βασιληίη|El tiempo es un niño que juega, moviendo piezas; reinado de un niño.||
B53|πόλεμος πάντων μὲν πατήρ ἐστι, πάντων δὲ βασιλεύς, καὶ τοὺς μὲν θεοὺς ἔδειξε τοὺς δὲ ἀνθρώπους, τοὺς μὲν δούλους ἐποίησε τοὺς δὲ ἐλευθέρους|La guerra es padre de todos, rey de todos; a unos los muestra como dioses, a otros como hombres; a unos los hace esclavos, a otros libres.||
B54|ἁρμονίη ἀφανὴς φανερῆς κρείττων|La armonía oculta es más poderosa que la visible.||
B55|ὅσων ὄψις ἀκοὴ μάθησις, ταῦτα ἐγὼ προτιμέω|Todo lo que puede ser visto, oído y aprendido: eso es lo que yo prefiero.||
B56|ἐξηπάτηνται ἄνθρωποι πρὸς τὴν γνῶσιν τῶν φανερῶν παραπλησίως Ὁμήρῳ, ὅς ἐγένετο τῶν Ἑλλήνων σοφώτερος πάντων· ἐκεῖνόν τε γὰρ παῖδες φθεῖρας κατακτείνοντες ἐξηπάτησαν εἰπόντες· ὅσα εἴδομεν καὶ ἐλάβομεν, ταῦτα ἀπολείπομεν, ὅσα δὲ οὔτε εἴδομεν οὔτε ἐλάβομεν, ταῦτα φέρομεν|Los hombres son engañados en el conocimiento de las cosas visibles, como Homero, que fue el más sabio de los griegos. Pues unos niños, matando piojos, lo engañaron diciendo: 'Lo que vimos y atrapamos, eso dejamos; lo que no vimos ni atrapamos, eso llevamos'.||
B57|διδάσκαλος πλείστων Ἡσίοδος· τοῦτον ἐπίστανται πλεῖστα εἰδέναι, ὅστις ἡμέρην καὶ εὐφρόνην οὐκ ἐγίνωσκεν· ἔστι γάρ ἕν|Hesíodo es maestro de la mayoría; saben que conocía la mayoría de las cosas, quien no reconoció que el día y la noche son uno.||
B58|ὅσων ἡ γνώμη, ταῦτα ψυχῇσι παρεῖναι|Para aquellos cuya comprensión está presente, estas cosas son accesibles al alma.||
B59|γραφέων ὁδὸς εὐθεῖα καὶ σκολιὴ μία ἐστί, φησί, καὶ ἡ αὐτή|El camino de la escritura es recto y torcido.|The path of writing is crooked and straight.|"The most important aspect of this fragment is that Heraclitus has found another thing that can be described in seemingly contradictory terms. ""The way... is crooked and straight."" Exactly what that thing is has been disputed. The text I have given is what the manuscripts have, and Robinson translated it as, ""The way of writing is crooked and straight."" When you write across a page, in one sense you are going straight across... but in another sense you are going up and down and back and forth depending on what letters you are writing. Some do not find this satisfactory, and emend the text to many different things in an attempt to understand what Heraclitus was talking about. I favor the original manuscripts."
B60|ὁδὸς ἄνω κάτω μία καὶ ὡυτή|El camino hacia arriba y hacia abajo es uno y el mismo.|The way up and the way down is one and the same.|
B61|θάλασσα ὕδωρ καθαρώτατον καὶ μιαρώτατον. ἰχθύσι μὲν πότιμον καὶ σωτήριον, ἀνθρώποις δὲ ἄποτον καὶ ὀλέθριον|El mar es agua purísima e impurísima. Para los peces es potable y saludable, para los hombres es imbebible y destructiva.|The sea is the purest and the impurest water. Fish can drink it, and it is good for them; to men it is undrinkable and destructive.|"Most editors claim that this whole fragment belongs to Heraclitus, but Heraclitus does not explain his seeming contradictions elsewhere (cf. 59, 60). I think that Hippolytus added the last sentence (""Fish can drink it, and it is good for them; to men it is undrinkable and destructive"") to explain how sea water is both pure and impure."
B62|ἀθάνατοι θνητοί, θνητοὶ ἀθάντατοι, ζῶντες τὸν ἐκείνων θάνατον, τὸν δὲ ἐκείνων βίον τεθνεῶτες|Inmortales mortales, mortales inmortales, viviendo la muerte de aquellos y muriendo la vida de aquellos.|Mortals are immortals and immortals are mortals, the one living the others' death and dying the others' life.|
B63|ἔνθα δ' ἐόντι ἐπανίστασθαι καὶ φύλακας γίνεσθαι ἐγερτὶ ζώντων καὶ νεκρῶν|...que se levanten y se conviertan en guardianes vigilantes de vivos y muertos.|... that they rise up and become the wakeful guardians of the living and the dead.|The beginning of this fragment, ἔνθα δ' ἐόντι, is a mistake of some kind. Hippolytus finds in this fragment a reference to God and the resurrection of the dead, and Robinson suggests that perhaps the reference to God is somehow contained in the correct version of the opening. Kahn claims that no satisfactory solution has been found, and he and others simply leave off the words.
B64|τὰ δὲ πάντα οἰακίζει κεραυνός|El rayo gobierna todas las cosas.|The thunderbolt that steers all things.|"Many commentators connect the ""thunderbolt"" with the Zeus (since Zeus was believed to hurl thunderbolts), with fire (for lightning and fire are similar), and with λόγος (according to which all things come into being). Thus these three concepts are all somewhat synonomous. After Hippolytus quotes this fragment, he comments: ""by the thunderbolt, he means the eternal fire"" (Barnes 104)."
B65|καλεῖ δὲ αὐτὸ χρησμοσύνην καὶ κόρον|[Heráclito lo llama] carestía y saciedad.|[Heraclitus calls it (i.e., fire)]want and surfeit.|"Hippolytus quotes this fragment immediately after B64, the subject being the thunderbolt/eternal fire. In B65, Hippolytus quotes Heraclitus saying that God is also ""want and surfeit."""
B66|πάντα γάρ τὸ πῦρ ἐπελθὸν κρινεῖ καὶ καταλήψεται|El fuego al avanzar juzgará y condenará todas las cosas.|Fire in its advance will judge and convict all things.|Many early scholars interpret this fragment to mean that eventually all things will be consumed by fire. This is a doctrine called ecpyrosis. The Stoics held this view, and in antiquity many commentators on Heraclitus ascribed the same view to him. Hippolytus, who quoted this fragment, saw it as a reference to divine judgement in the fire of hell. Later in this passage, Hippolytus says that Heraclitus believed inecpyrosis. Many modern editors, though, do not think that Heraclitus actually held this view. (See Cosmic Cycle under categories.)
B67|ὁ θεὸς ἡμέρη εὐφρόνη, χειμὼν θέρος, πόλεμος εἰρήνη, κόρος λιμός [τἀναντία ἅπαντα· οὗτος ὁ νοῦς], ἀλλοιοῦται δὲ ὅκωσπερ πῦρ, ὁπόταν συμμιγῇ θυώμασιν, ὀνομάζεται καθ' ἡδονὴν ἑκάστου|Dios es día noche, invierno verano, guerra paz, saciedad hambre; pero se transforma como el fuego cuando se mezcla con perfumes, y se nombra según el placer de cada uno.|God is day and night, winter and summer, war and peace, surfeit and hunger; but he takes various shapes, just as fire, when it is mingled with spices, is named according to the savor of each.|"The word <πῦρ> does not appear in the text, but most scholars believe that some noun goes in its place. Kahn chooses not to and translates this part of the fragment as ""... it alters, as when mingled with perfumes..."" I think that Heraclitus had some noun in mind, and the missing noun most likely comes from earlier in Heraclitus' book. Hippolytus equates God and fire in fragments 65-67 (which are from the same passage), thus it seems likely to me that <πῦρ> is the missing noun."
B68|καὶ διὰ τοῦτο εἰκότως αὐτὰ ἄκεα Ἡράκλειτος προσεῖπεν ὡς ἐξακεσόμενα τὰ δεινὰ καὶ τὰς ψυχὰς ἐξάντεις ἀπεργαζόμενα τῶν ἐν τῇ γενέσει συμφορῶν|Y por esto, con razón Heráclito llamó a estos [remedios] 'sanadores', pues curan lo terrible y extraen las almas de las desgracias inherentes a la existencia mortal.||This fragment is not included in many editions.
B69|θυσιῶν τοίνυν τίθημι διττὰ εἴδη· τὰ μὲν τῶν ἀποκεκαθαρμένων παντάπασιν ἀνθρώπων, οἷα ἐφ' ἑνὸς ἄν ποτε γένοιτο σπανίως|Por tanto, establezco dos clases de sacrificios: los de los hombres completamente purificados, algo que raramente ocurriría ni siquiera en un solo caso.||This fragment is not included in many editions.
B70|παίδων ἀθύρματα νενόμικεν εἶναι τὰ ἀνθρώπινα δοξάσματα|Las opiniones humanas son juguetes infantiles.|Human opinions are children's toys.|This fragment is from Iamblichus, a late source. This fragment seems to be at best a paraphrase of a genuine Heraclitean statement. Some editors count it as inauthentic and dismiss it.
B71|μεμνῆσθαι δὲ καὶ τοῦ ἐπιλανθανομένου ᾖ ἡ ὁδὸς ἄγει|Pero hay que recordar también a aquel que olvida, por donde conduce el camino.||This fragment is not included in many editions.
B72|ᾧ μάλιστα διηενκῶς ὁμιλοῦσι λόγῳ τῷ τὰ ὅλα διοικοῦντι, τούτῳ διαφέρονται, καὶ οἵς καθ' ἡμέραν ἐγκυροῦσι, ταῦτα αὐτοῖς ξένα φαίνεται|La mayoría discrepa de aquello con lo que más constantemente convive: el Logos que gobierna el universo. Y lo que encuentran cada día les parece extraño.|Most are at odds with that with which they most constantly associate -- the account which governs the universe -- and... what they meet with every day seems foreign to them.|"Much of this fragment is inauthentic. Burnet and Robinson both think some of this thought is Heraclitean, while others reject it entirely. Most who reject it see it as a paraphrase of B17. Burnet gives this translation: ""They are estranged from that with which they have most constant intercourse,"" and Robinson translates the same part of the Greek fragment."
B73|οὐ δεῖ ὥσπερ καθεύδοντας ποιεῖν καὶ λέγειν· καὶ γὰρ καὶ τότε δοκοῦμεν ποεῖν καὶ λέγειν|No debemos actuar y hablar como si estuviéramos dormidos; pues también entonces creemos estar actuando y hablando.||This fragment is not included in many editions.
B74|οὐ δεῖ ὡς παῖδας τοκεώνων, τοῦτ' ἔστι κατὰ ψιλόν· καθότι παρειλήφαμεν|No debemos actuar y hablar como 'hijos de nuestros padres', es decir, según lo que hemos recibido por tradición.|We should not act and speak like 'children of our parents':i.e., in the way that has been handed down to us.|It seems likely that Marcus Aurelius has correctly quoted Heraclitus when he says,οὐ δεῖ ὡς παῖδας τοκεώνων. This phrase is in the Ionic dialect, and refers to ποιεῖν καὶ λέγειν from B73. Marcus Aurelius' explanation of this fragment (i.e., in the way that has been handed down to us) may or may not be what Heraclitus had in mind and should be treated with caution.
B75|τοὺς καθεύδοντας ἐργάτας εἶναι καὶ συνεργοὺς τῶν ἐν τῷ κόσμῳ γινομένων|Los que duermen son trabajadores y colaboradores de lo que ocurre en el mundo.|Those who are asleep are fellow-workers in what goes on in the world.|
B76|πυρὸς θάνατος ἀέρι γένεσις, καὶ ἀέρος θάνατος ὕδατι γένεσις|La muerte del fuego es nacimiento del aire, y la muerte del aire es nacimiento del agua.|The death of fire is the birth of air, and the death of air is the birth of water.|Three different sources quote this fragment, each a little differently. Diels included all three in his edition, and Bywater prefers Maximus of Tyre's version. I follow Kahn in asserting that only the one given by Plutarch could be a verbatim of Heraclitus (Kahn Excursus II, 153f).
B77|ὅθεν καὶ Ἡράκλειτον ψυχῇσι φάναι τέρψιν ἢ θάνατον ὑγρῇσι γενέσθαι. τέρψιν δὲ εἴναι αὐταῖς τὴν εἰς γένεσιν πτῶσιν. ἀλλαχοῦ δὲ φάναι ζῆν ἡμᾶς τὸν ἐκείνων θάνατον καὶ ζῆν ἐκείνας τὸν ἡμέτερον θάνατον|Por lo cual también se dice que Heráclito afirmó que para las almas húmedas llega deleite o muerte, y que para ellas el deleite es caer hacia el nacimiento [el mundo material]. Y en otro lugar dijo: 'Nosotros [los vivos] vivimos la muerte de ellas [las almas], y ellas viven nuestra muerte'.||
B78|ἦθος γὰρ ἀνθρώπειον μὲν οὐκ ἔχει γνώμας, θεῖον δὲ ἔχει|El carácter humano no tiene discernimiento, el divino sí lo tiene.|The way of man has no wisdom, but that of God has.|
B79|ἀνὴρ νήπιος ἤκουσε πρὸς δαίμονος ὅκωσπερ παῖς πρὸς ἀνδρός|Para un dios, el hombre es tan niño como un niño lo es para un hombre.|Man is called a baby by God, even as a child [is called a baby] by a man.|
B80|εἰδέναι δὲ χρὴ τὸν πόλεμον ἐόντα ξυνόν, καὶ δίκην ἔριν, καὶ γινόμενα πάντα κατ' ἔριν καὶ χρεών|Hay que saber que la guerra es común, la justicia discordia, y que todo acontece por discordia y necesidad.|We must know that war is common to all and strife is justice, and that all things come into being through strife necessarily.|The manuscript reading for the last word given in this fragment is χρεώμενα (using an oracle?). This has been emended by many different editors to make sense of this word. Diels emended it to χρεών (what is necessary) based on a word used in Anaximander (DK12 B1). Others emendations have been proposed as well, but all agree that no satisfactory answer has yet been found. Kahn finds Diels' reading an improbable one, and he (along with other editors) has kept the manuscript reading even though it is almost certainly ungrammatical.
B81|κοπίδας τὰς λόγων τέχνας ἔλεγον ἄλλοι τε καὶ ὁ Τίμαιος οὕτως γράφων· ὥστε καὶ φαίνεσθαι μὴ τὸν Πυθαγόραν εὑρετὴν ὄντα τῶν ἀληθινῶν κοπίδων μηδὲ τὸν ὑφ' Ἡρακλείτου κατηγορούμενον, ἀλλ' αὐτὸν τὸν Ἡράκλειτον εἴναι τὸν ἀλαζονευόμενον|[...] el príncipe de las mentiras.|"[... in the words of Heraclitus,] ""the prince of lies."""|"Diels lettered these 81a (considered by most a fragment) and 81b (considered a testimony). The fragment is preserved in Philodemus' Rhetoric. Philodemus says, ""Rhetoric, according to Heraclitus, is the prince of lies."" It seems unlikely that Heraclitus attributed the title ""prince of lies"" to rhetoric. Philodemus seems to be using Heraclitus' phrase but applying it to something else. That is why I render ""according to Heraclitus"" as ""in the words of Heraclitus."" The testimony (bottom section) is a scholiast's note to Euripides' Hecuba about the word κοπίδας. This testimony makes a case for the subject being Pythagoras. Then, the fragment of Heraclitus would have read, ""Pythagoras is the prince of lies."" Though the case is not very strong --as Robinson makes clear when he says, ""Philodemus does not in fact name Pythagoras; for this we have to rely upon a very unclear passage of Timaeus (Historicus), itself quoted (how accurately?) by a scholiast on Euripides' Hecuba"" (132)-- most editors add [Pythagoras] as the subject of the fragment. See thePerseus Encyclopedia entry for this figure: Pythagoras (he's Pythagoras 5)"
B82|πιθήκων ὁ κάλλιστος αἰσχρὸς ἀνθρώπων γένει συμβάλλειν|El mono más hermoso es feo comparado con la raza humana.|The most handsome of apes is ugly in comparison with a human.|"The authenticity of B82 and B83 (both from Plato's Hippias Major 289a-b) is much disputed. Burnet thought that we could reconstruct one original fragment based on these two passages: ""The wisest man is an ape compared to God, just as the most beautiful ape is ugly compared to man."" This fragment would then have the same form as B79. But this is speculation. Most scholars count them as doubtful."
B83|ἀνθρώπων ὁ σοφώτατος πρὸς θεὸν πίθηκος φανεῖται καὶ σοφίαι καὶ κάλλει καὶ τοῖς ἄλλοις πᾶσιν|El hombre más sabio, comparado con un dios, parecerá mono en sabiduría, belleza y todo lo demás.|The wisest of men, in contrast to God, appears as an ape in wisdom and beauty and all things.|See text notes to B82.
B84|μεταβάλλον ἀναπαύεταικάματός ἐστι τοῖς αὐτοῖς μοχθεῖν καὶ ἄρχεσθαι|Cambiando descansa. Es agotador trabajar para los mismos amos y ser gobernado por ellos.|It rests by changing.It is a weariness to labor for the same masters and be ruled by them.|Plotinus quotes these two fragments together in the same context, but it is unclear whether or not they come from the same context in Heraclitus' work. The first is unclear, but I think it refers to the world as a whole; just like the river (B12, 91), it only has rest and continued identity as it changes. The second seems to be about slaves and masters, not about the world as a whole.
B85|θυμῷ μάχεσθαι χαλεπόν· ὃ γὰρ ἂν θέλῃ, ψυχῆς ὠνεῖται|Es difícil luchar contra el deseo del corazón; pues lo que quiere, lo compra al precio del alma.|It is hard to fight with one's heart's desire. Whatever it wishes to get, it purchases at the cost of soul.|
B86|[ἀλλὰ τῶν μὲν θείων τὰ πολλά, καθ' Ἡράκλειτον,] ἀπιστίῃ διαφυγγάνει μὴ γιγνώσκεσθαι|[Pero la mayoría de las cosas divinas] escapan al reconocimiento por falta de fe.|[But the greater part of things divine, according to Heraclitus,] escape recognition due to lack of confidence.|The manuscripts have ἀπιστίη in the nominative (instead of ἀπιστίῃ). Kahn keeps the manuscript reading, making 'lack of confidence' the subject of the verb. Diels and others emend it to ἀπιστίῃ in the dative, believing that Plutarch supplies a grammatical subject (that may or may not be different than the one Heraclitus used).
B87|βλὰξ ἄνθρωπος ἐπὶ παντὶ λόγῳ ἐπτοῆσθαι φιλεῖ|El necio suele turbarse ante toda palabra.|The fool is fluttered at every word.|'λόγος' here most likely refers to an 'account,' not the λόγος of Heraclitus.
B88|ταὐτό τ' ἔνι ζῶν καὶ τεθνηκὸς καὶ [τὸ] ἐγρηγορὸς καὶ καθεῦδον καὶ νέον καὶ γηραιόν· τάδε γὰρ μεταπεσόντα ἐκεῖνά ἐστι κἀκεῖνα πάλιν μεταπεσόντα ταῦτα|En lo mismo existe lo vivo y lo muerto, lo despierto y lo dormido, lo joven y lo viejo; pues esto, al cambiar, es aquello, y aquello, al cambiar, es esto.|And it is the same thing in us that is quick and dead, awake and asleep, young and old; the former are shifted and become the latter, and the latter in turn are shifted and become the former.|
B89|ὁ Ἡράκλειτός φησι τοῖς ἐγρηγορόσιν ἕνα καὶ κοινὸν κόσμον εἶναι τῶν δὲ κοιμωμένων ἕκαστον εἰς ἴδιον ἀποστρέφεσθαι|Los que están despiertos tienen un mundo común; los que duermen se vuelven cada uno a su propio mundo.|The waking have one common world, but the sleeping turn aside each into a world of his own.|
B90|πυρὸς τε ἀνταμοιβὴ τὰ πάντα καὶ πῦρ ἁπάντων ὅκωσπερ χρυσοῦ χρήματα καὶ χρημάτων χρυσός|Todas las cosas son intercambio del fuego, y el fuego de todas, como las mercancías del oro y el oro de las mercancías.|All things are aninterchangefor Fire, and Fire for all things,just like goods for gold and gold for goods.|
B91|[ποταμῷ γὰρ οὐκ ἔστιν εμβῆναι δὶς τῷ αὐτῷ καθ' Ἡράκλειτον οὐδὲ θνητῆς οὐσίας δὶς ἅψασθαι κατὰ ἕξιν <τῆς αὐτῆς>· ἀλλ' ὀξύτητι καὶ τάχει μεταβολῆς] σκίδνησι καὶ πάλιν συνάγει [(μᾶλλον δὲ οὐδὲ πάλιν οὐδ' ὕστερον, ἀλλ' ἅμα)] συνίσταται καὶ ἀπολείπει καὶ πρόσεισι καὶ ἄπεισι|[Pues no es posible entrar dos veces en el mismo río...] Dispersa y vuelve a reunir (o mejor, ni de nuevo ni después, sino simultáneamente) se forma y disuelve, se acerca y se aleja.|[For, according to Heraclitus, it is not possible to step twice into the same river, nor is it possible to touch a mortal substance twice in so far as its state is concerned. But, thanks to the swiftness and speed of change,] it scatters <things> and brings <them> together again, [(or, rather, it brings together and lets go neither again nor later, but simultaneously)] it forms and dissolves, and it approaches and departs.|For the river theme, see text notes on B12.
B92|Σίβυλλα δὲ μαινομένῳ στόματι καθ' Ἡράκλειτον ἀγέλαστα καὶ ἀκαλλώπιστα καὶ ἀμύριστα φθεγγομένη χιλίων ἐτῶν ἐξικνεῖται τῇ φονῇ διὰ τὸν θεόν|La Sibila, con labios delirantes, profiriendo cosas sin alegría, sin adorno y sin perfume, alcanza con su voz mil años por el dios en ella.|And the Sibyl, with raving lips uttering things mirthless, unbedizened, and unperfumed, reaches over a thousand years with her voice, thanks to the god in her.|How much of this quotation is from Heraclitus and how much is added by Plutarch is disputed. Some accept the whole sentence, others just a word. (One editor even denies that Heraclitus mentioned the Sibyl at all.) Even knowing which of these words Heraclitus actually said will not help much: it is still difficult to know what Heraclitus is saying. Is he attacking the Sibyl for her ecstatic style or he is comparing his own message with hers (both seem strange yet both are divine)? It is also unclear whether Heraclitus is referring to a specific individual or to an position or type. The Sibyl was involved in ecstatic prophecy and in some way seems to have been connected with the Pythia at Delphi.
B93|ὁ ἄναξ οὗ τὸ μαντεῖόν ἐστι τὸ ἐν Δελφοῖς οὔτε λέγει οὔτε κρύπτει ἀλλὰ σημαίνει|El señor cuyo oráculo está en Delfos no dice ni oculta, sino que da señales.|The lord whose is the oracle at Delphi neither speaks nor hides his meaning, but gives a sign.|
B94|Ἥλιος οὐχ ὑπερβήσεται μέτρα· εἰ δὲ μή, Ἐρινύες μιν Δίκης ἐπίκουροι ἐξευρήσουσιν|El sol no transgredirá sus medidas; si lo hiciera, las Erinias, auxiliares de la Justicia, lo descubrirían.|The sun will not overstep his measures; if he does, the Erinyes, the handmaids of Justice, will find him out.|
B95|ἀμαθίην κρύπτειν ἄμεινον|Es mejor ocultar la ignorancia.|It is best to hide folly.|"After the phrase given here, Plutarch gives another phrase: ""but it is hard in times of relaxation, over our cups."" Marcovich considers this phrase a comment by Plutarch, but others (Burnet, Diels, &c.) consider it to be Heraclitean."
B96|νέκυες γὰρ κοπρίων ἐκβλητότεροι|Los cadáveres son más dignos de ser arrojados que el estiércol.|Corpses are more fit to be cast out than dung.|
B97|κύνες γὰρ καταβαΰζουσιν ὧν ἂν μὴ γινώσκωσι|Los perros ladran a quienes no reconocen.|Dogs bark at every one they do not recognize.|I consistenly translate words with γιγν -in them as 'to recognize.' (See 'Cognition' under categories.)
B98|αἱ ψυχαὶ ὀσμῶνται καθ' Ἅιδην|Las almas perciben olores en el Hades.|Souls smell in Hades.|"The word for smell in this fragment means ""to have the sense of smell"" (not ""to give off an odor"")."
B99|εἰ μὴ ἥλιος ἦν, ἕνεκα τῶν ἄλλων ἄστρων εὐφρόνη ἂν ἦν|Si no existiera el sol, a causa de las demás estrellas sería noche.|If there were no sun, on account of the other stars it would be night.|Scholars debate whether or not the phrase ἕνεκα τῶν ἄλλων ἄστρων (on account of the other stars) is Heraclitus' or if it is added to Heraclitus' thought. Marcovich argues that it is Heraclitus', while others (including Kahn and Robinson) argue that it is not.
B100|περιόδους· ὧν ὁ ἥλιος ἐπιστάτης ὢν καὶ σκοπὸς ὁρίζειν καὶ βραβεύειν καὶ ἀναδεικνύναι καὶ ἀναφαίνειν μεταβολὰς καὶ ὥρας αἳ πάντα φέρουσι καθ' Ἡράκλειτον|[...] los ciclos: de estos el sol es comandante y juez, para determinar los cambios y las estaciones que llevan todas las cosas.|... the cycles: of these the sun is commander and overseer, for determining the changes and the seasons which carry all things.|"Plutarch is quoting Heraclitus in his discussion of the seasons here in his Platonic Questions. Bywater, Burnett, Kahn and others take only part of the whole quote to be from Heraclitus: ""the seasons which carry all things."""
B101|ἐδιζησάμην ἐμεωυτόν|Me busqué a mí mismo.|I searched myself.|The word for 'search' (ἐδιζησάμην) can have the meaning 'search for the interpretation of an oracle.' I think this is the best way to read this fragment.
B102|τῷ μὲν θεῷ καλὰ πάντα καὶ ἀγαθὰ καὶ δίκαια, ἄνθρωποι δὲ ἃ μὲν ἄδικα ὑπειλήφασιν ἃ δὲ δίκαια|Para el dios todo es bello, bueno y justo; los hombres consideran unas cosas injustas y otras justas.|To God all things are fair and good and just, but men hold some things wrong and some right.|
B103|ξυνὸν γὰρ ἀρχὴ καὶ πέρας ἐπὶ κύκλου περιφερείας|Común es el principio y el fin en la circunferencia del círculo.|Concerning the circumference of a circle the beginning and end are common.|"Kahn suggests that περιφερείας ('the circumference of') could not have been part of Heraclitus' original statement because the word does not appear elsewhere before Aristotle's writings. Thus, he reads, ""Concerning a circle..."" It does not seem to affect the meaning either way."
B104|"τίς γὰρ αὐτῶν νόος ἢ φρήν· δήμων ἀοιδοῖσι πείθονται καὶ διδασκάλῳ χρείωνται ὁμίλῳ οὐκ εἰδότες ὅτι ""οἱ πολλοὶ κακοί, ὀλίγοι δὲ ἀγαθοί"""|"¿Qué inteligencia o cordura tienen? Siguen a los poetas y toman a la multitud como maestro, ignorando que ""los muchos son malos, pocos los buenos""."|"For what thought or wisdom have they? They follow the poets and take the crowd as their teacher, knowing not that ""the many are bad and few good."""|
B105|ἀστρολόγον φησὶ τὸν Ὅμηρον|[Heráclito] dijo que Homero era astrólogo.|[Heraclitus] said that Homer was an atronomer.|This fragment provides us with very little information about Heraclitus. This note was in written in the margins of a text of Iliad 18.251. We can reasonably conclude that Heraclitus mentioned Homer in connection with the stars, but anything beyond that is mere speculation. See the Perseus Encyclopedia entry for this figure: Homer
B106|Ἡράκλειτος ἐπέπληξεν Ἡσιόδῳ τὰς μὲν ἀγαθὰς ποιουμένῳ, τὰς δὲ φαύλας, ὡς ἀγνοοῦντι φύσιν ἡμέρας ἁπάσης μίαν οὖσαν|Heráclito criticó a Hesíodo por considerar unos días buenos y otros malos, pues no reconocía que la naturaleza de cada día es una.|Heraclitus attacked Hesiod form a king some days good and other days bad, because he did not recognize that the nature of every day is one.|See the Perseus Encyclopedia entry for this figure: Hesiod
B107|κακοὶ μάρτυρες ἀνθρώποισιν ὀφθαλμοὶ καὶ ὦτα βαρβάρους ψυχὰς ἐχόντων|Ojos y oídos son malos testigos para hombres que tienen almas bárbaras.|Eyes and ears are bad witnesses to men who have barbarian souls.|The word 'barbarian' is best interpretted as 'do not know the language.' Burnet translates it this way.
B108|ὁκόσων λόγους ἤκουσα οὐδεὶς ἀφικνεῖται ἐς τοῦτο ὥστε γινώσκειν ὅ τι σοφόν ἐστι, πάντων κεχωρισμένον|De todos cuyos discursos he oído, ninguno llega a reconocer que lo sabio está apartado de todo.|Of all whose discourses I have heard, there is not one who attains to recognizing what is wise,set apart from all.-- or --Of all whose discourses I have heard, there is not one who attains to recognizing that the wise is set apart from all.|The two translations given are both grammatically possible. Robinson and Kahn favor the first one; Burnet and Diels favor the first.
B109||Es mejor ocultar la ignorancia. (Igual que B95)|B109 = B95|B109 = B95
B110|ἀνθρώποις γίνεσθαι ὁκόσα θέλουσιν οὐκ ἄμεινον|No es mejor para los hombres obtener cuanto desean.|It is not better for men to get all they wish to get.|
B111|νοῦσος ὑγιείην ἐποίησεν ἡδὺ καὶ ἀγαθόν, λιμὸς κόρον, κάματος ἀνάπαυσιν|La enfermedad hace dulce y bueno a lo sano, el hambre a la saciedad, la fatiga al descanso.|It is sickness that makes health pleasant and good; hunger, plenty; weariness, rest.|"Some editors have proposed an emendation to this text. They change ἡδὺ καὶ ἀγαθόν (pleasant and good) to ἡδὺ, κακὸν ἀγαθόν (pleasant, evil good). This yields Burnet's translation: ""It is sickness that makes health pleasant; evil, good; hunger, plenty; weariness, rest."" Most modern editors reject the emendation and read, ""It is sickness that makes health pleasant and good; [it is] hunger [that makes] plenty [pleasant and good]; [it is] weariness [that makes] rest [pleasant and good]."""
B112|σωφρονεῖν ἀρετὴ μεγίστη καὶ σοφίη ἀληθέα λέγειν καὶ ποιεῖν κατὰ φύσιν ἐπαΐοντας|Pensar bien es la mayor virtud, y sabiduría es decir la verdad y actuar según la naturaleza, percibiendo correctamente.|Thinking well is the greatest excellence; and wisdom is to act and speak what is true, perceiving things according to their nature.|"Some doubt the authenticity of this fragment, claiming that is just a paraphrase of other fragments. Punctuation is also a problem: Kahn reads, ""Thinking well is the greatest excellence and wisdom: acting and speaking what is true, perceiving things according to their nature."" I think this is inaccurate. Heraclitus is redefining two terms of popular usage: ἀρετὴ (virtue) and σοφίη (wisdom)."
B113|ξυνόν ἐστι πᾶσι τὸ φρονέειν|Pensar es común a todos.|Thought is common to all.|"The gender of πᾶσι (to all) is ambiguously either masculine or neuter. Thus, it could read either ""all things"" or ""all men."""
B114|ξὺν νόῳ λέγοντας ἰσχυρίζεσθαι χρὴ τῷ ξυνῷ πάντων, ὅκωσπερ νόμῳ πόλις καὶ πολὺ ἰσχυροτέρως· τρέφονται γὰρ πάντες οἱ ἀνθρώπειοι νόμοι ὑπὸ ἑνὸς τοῦ θείου· κρατεῖ γὰρ τοσοῦτον ὁκόσον ἐθέλει καὶ ἐξαρκεῖ πᾶσὶ καὶ τεριγίνεται|Los que hablan con inteligencia deben apoyarse en lo común a todos, como una ciudad en su ley, y más firmemente. Pues todas las leyes humanas se nutren de la única divina. Ella domina cuanto quiere, basta para todo y sobra.|Those who speak with understanding must hold fast to what is common to all as a city holds fast to its law, and even more strongly. For all human laws are fed by the divine one. It prevails as much as it will, and suffices for all things with something to spare.|The phrases ξὺν νόῳ (with understanding) and ξυνῷ (to the common) are very similar. Heraclitus is most likely playing on this words. No matter how much learning a person has, he will not have understanding if he turns aside to his own private world (B40, B129). Many see the reference to 'the divine one' as 'the divine law.' I do not think this is what Heraclitus is saying. The Greek ἑνὸς τοῦ θείου should be read as 'the divine One,' meaning 'the one divine being.'
B115|ψυχῆς ἐστι λόγος ἑαυτὸν αὔξων|El logos del alma aumenta a sí mismo.|The logos of the soul is increasing itself.|The source of this fragment actually ascribes it to Socrates. But it follows his discussion of Heraclitus, and it contains the words ψυχή (rational soul) and λόγος (word, account), so most editors ascribe it to Heraclitus.
B116|ἀνθρώποισι πᾶσι μέτεστι γινώσκειν ἑωυτοὺς καὶ σωφρονεῖν|A todos los hombres les es dado conocerse a sí mismos y ser sensatos.|Recognizing oneself and being of a sound mind are for all men.|"Robinson correctly interprets μέτεστι to mean ""to have a [rightful] claim to"" something; this produces his accurate translation, ""All men have a claim to self-ascertainment and sound thinking."""
B117|ανὴρ ὁκόταν μεθυσθῇ, ἄγεται ὑπὸ παιδὸς ἀνήβου σφαλλόμενος, οὐκ ἐπαΐων ὅκη βαίνει, ὑγρὴν τὴν ψυχὴν ἔχων|Cuando un hombre se embriaga, es guiado por un muchacho imberbe, tambaleándose, sin saber adónde va, teniendo su alma húmeda.|A man, when he gets drunk, is led by a beardless lad, tripping, knowing not where he steps, having his soul moist.|
B118|αυγὴ ξηρὴ ψυχὴ σοφωτάτη καὶ ἀρίστη|Un destello seco es el alma más sabia y mejor.|A dry gleam of light is the wisest and best soul.|"The opening words of this fragment have caused much controversy. Kahn makes an excellent case defending the reading I have given here. Six ancient sources give us these first three words in this order. The adjective ξηρὴ (dry) is ambiguously placed between the two nouns ('gleam of light' and 'soul') and could modify either. Many different ancient sources quoted this fragment, but it has been quoted three different ways: 1) the adjective is placed after ψυχὴ (soul) so that it must be modifying ψυχὴ. 2) the adjective is placed before αυγὴ (gleam of light) so that it must be modifying αυγὴ. 3) the word αυγὴ (gleam of light) is left off so that ξηρὴ (dry) must modify ψυχὴ (soul). We can explain the variants by positing αυγὴ. ξηρὴ. ψυχὴ with the adjective ambiguously in between the nouns as the original. Another solution has been proposed: the original may not have had ξηρὴ (gleam of light) but αυὴ (dry). Thus, they translate the whole fragment as, ""The dry soul is the wisest and best"" (Burnet). This could explain variant (3) --ξηρὴ substituted for αυὴ-- but it simply cannot explain variant (1) and (2). There is no manuscript evidence for such an emendation. Thus, the original reading must be the one given here. I follow Kahn in taking ξηρὴ (dry) with αυγὴ (gleam of light) because the other two words go naturally with ψυχὴ (soul). Aristotle pointed out a similar ambiguity in B1."
B119|Ἡράκλειτος ἔφη ὡς ἦθος ἀνθρώπῳ δαίμων|Heráclito dijo que para el hombre, el carácter es su destino.|Heraclitus said that a man's character is his fate.|The word δαίμων can be rendered 'fate' or 'divinity.'
B120|ἠοῦς καὶ ἑσπέρας τέρματα ἡ ἄρκτος καί ἀντίον τῆς ἄρκτου οὖρος αἰθρίου Διός|Los límites del amanecer y el atardecer son la Osa y, frente a la Osa, el guardián del radiante Zeus.|The limits of dawn and evening are the Bear and, opposite the Bear, the guardian of bright Zeus.|"Punctuating this fragment is difficult. The natural reading is the one given here, Burnet's translation. Kahn, however, was not pleased with that reading. He punctuated as follows: ""The limits of dawn and evening are the Bear; and opposite the Bear [is] the guardian of bright Zeus."" Burnet's translation says that there are two limits: the Bear and the guardian of bright Zeus. Kahn's translation says that there is one limit: the Bear."
B121|ἄξιον Ἐφεσίοις ἡβηδὸν ἀπάγξασθαι πᾶσι καὶ τοῖς ἀνήβοις τὴν πόλιν καταλιπεῖν, οἵτινες Ἑρμόδωρον ἄνδρα ἑωυτῶν ὀνήιστον ἐξέβαλον φάντες· ἡμέων μηδὲ εἷς ὀνήιστος ἔστω, εἰ δὲ μή, ἄλλη τε καὶ μετ' ἄλλων|"Merecerían los efesios ahorcarse todos, los adultos, y dejar la ciudad a los imberbes, pues expulsaron a Hermodoro, el mejor entre ellos, diciendo: ""Que ninguno sea el mejor entre nosotros; si lo hay, que lo sea en otro lugar y entre otros""."|"The Ephesians would do well to hang themselves, every grown man of them, and leave the city to beardless lads; for they have cast out Hermodorus, the best man among them, saying, ""We will have none who is best among us; if there be any such, let him be so elsewhere and among others."""|"Nothing is known for sure about Hermodorus. An article on ""The Twelve Tables"" in William Smith's A Dictionary of Greek and Roman Antiquities says this: ""It is further said that Hermodorus an Ephesian exile aided the Decemviri in drawing up the Twelve Tables, though his assistance would probably be confined to the interpretation of Greek laws... This tradition was confirmed by the fact of a statue having been erected in memory of Hermodorus: but it did not exist in the time of Pliny"" (article, dictionary)."
B122|ἀγχιβασίην|...acercándose...|... stepping near...|According to the source of this fragment, Heraclitus used the word ἀγχιβασίην. Kahn put it best when he said that there is no reason to doubt the authenticity of this quotation, but neither is there any context to help us figure out how Heraclitus used this word.
B123|φύσις κρύπτεσθαι φιλεῖ|A la naturaleza le gusta ocultarse.|Nature loves to hide.|
B124|σάρμα εἰκῇ κεχυμένον ὁ κάλλιστος, φησὶν Ἡράκλειτος, [ὁ] κόσμος|El universo más bello es un montón de basura arrojada al azar.|The most beautiful universe is (a) pouring out (of) sweepings at random.|The text for this fragment is very doubtful and should be handled extremely carefully. The first word in the manuscripts is σάρξ (flesh); it has been emend it to σάρμα (sweepings). The manuscripts also have κεχυμένων (of pouring outs, genitive plural), which has been emended to κεχυμένον (a pouring out, nominative singular). With the text being such a problem to start with, any significant information pulled from this fragment will have to be conjecture. (The word εἰκῇ also appears in B47.)
B125|καὶ ὁ κυκεὼν διίσταται <μὴ> κινούμενος|Incluso la bebida de cebada se separa si no se agita.|Even thebarley-drinkseparates if it is not stirred.|The drink that Heraclitus is discussing was made out of ground barley, grated cheese, wine, and sometimes honey (Robinson 162). The drink constantly had to be stirred or else the ingredients would not stay mixed. Almost all editors add the word μὴ (not) to make sense of this fragment. The manuscripts do not have this negative particle, but it does not make sense otherwise. For no reason that I can discover, Diels includes another fragment of doubtful authenticity with this one and calls it 125a.
B125a|μὴ ἐπιλίποι ὑμᾶς πλοῦτος, ἔφη, Ἐφέσιοι, ἵν' ἐξελέγχοισθε πονηρευόμενοι|Que no os falte la riqueza, efesios, para que así seáis descubiertos en vuestra maldad.|May your wealth not let you down, Ephesians, that you might be convicted of being scoundrels.|This fragment is of doubtful authenticity. See B121 for an undoubtedly Heraclitean attitude towards the Ephesians.
B126|τὰ ψυχρὰ θέρεται, θερμὸν ψύχεται, ὑγρὸν αὐαίνεται, καρφαλέον νοτίζεται|Lo frío se calienta, lo caliente se enfría, lo húmedo se seca, lo reseco se humedece.|Cold things become warm, and what is warm cools; what is wet dries, and the parched is moistened|
B127|πτώματα γὰρ κοπρίων ἐκβλητότερα|Cadáveres son más dignos de ser arrojados que el estiércol. (Igual que B96)||
B128|Texto no conservado|Los ritos místicos practicados por los hombres son impíos.||
B129|Πυθαγόρης Μνησάρχου ἱστορίην ἤσκησεν ἀνθρώπων μάλιστα πάντων καὶ ἐκλεξάμενος ταύτας τὰς συγγραφὰς ἐποιήσατο ἑαυτοῦ σοφίην, πολυμαθίην, κακοτεχνίην|Pitágoras, hijo de Mnesarco, practicó la investigación más que todos los hombres y, seleccionando esos escritos, hizo su propia sabiduría: erudición, mal arte.|Pythagoras, son of Mnesarchus, pursued inquiry further than all other men and, choosing what he liked from these compositions, claimed for himself a wisdom of his own: much learning,a bad craft.|See the Perseus Encyclopedia entry for this figure: Pythagoras (he's Pythagoras 5)
